6,4,9,9,3,4,10,7,4,2,10,2,7,7,87313
6,8,1,3,3,7,3,1,2,2,4,1,9,9,64658
9,1,10,9,3,5,8,10,6,6,7,7,2,1,73646
1,4,3,4,3,7,5,2,1,8,7,10,7,4,64582
5,7,6,6,3,8,3,8,4,10,1,4,4,5,68790
3,2,10,7,10,10,5,9,8,8,3,8,10,10,87074
5,8,1,3,9,5,8,3,7,3,2,10,1,9,75000
8,6,2,5,5,5,7,8,3,9,7,5,8,2,79681
7,1,3,10,4,3,8,1,7,9,6,2,6,4,68685
2,3,8,10,3,7,1,1,10,3,1,5,9,1,54512
7,3,2,6,1,2,2,7,8,2,3,4,5,9,60852
10,4,6,4,3,6,3,3,4,8,1,4,2,6,54792
2,5,6,2,1,2,3,7,1,8,4,5,6,3,54780
8,7,9,1,5,9,8,4,7,1,10,7,6,6,81052
4,5,10,1,10,3,10,2,2,8,3,4,8,5,67185
8,2,1,6,8,9,7,3,5,4,1,1,1,5,58695
1,8,5,10,6,5,4,10,3,10,2,2,4,4,78635
1,9,2,6,3,3,7,2,10,1,3,2,2,9,63337
9,4,3,5,6,6,7,10,7,4,1,6,2,9,77881
4,4,4,1,5,2,9,10,10,1,1,5,2,3,57055
4,3,2,8,7,1,7,1,10,2,1,10,3,4,61019
4,3,8,4,3,4,8,4,9,8,1,1,5,5,57643
7,4,6,9,9,5,1,4,7,9,4,3,10,3,74337
1,8,7,5,7,7,7,7,9,10,5,2,5,8,79576
1,2,7,7,4,7,9,4,3,7,4,10,10,3,72416
4,1,4,4,3,3,4,7,7,4,10,4,9,6,69124
2,1,10,10,3,5,2,10,6,2,7,4,1,2,58534
3,5,7,5,5,5,3,3,1,8,10,10,1,5,67654
1,2,5,9,1,5,6,2,7,3,7,6,9,4,63981
1,7,1,8,10,6,4,9,8,5,5,3,7,8,87560
9,9,4,5,6,7,10,3,5,6,5,7,9,5,92575
3,6,6,2,6,10,10,9,9,1,8,2,4,1,72540
4,6,1,5,10,7,5,1,5,2,9,6,9,8,82259
6,4,6,5,8,3,8,5,7,6,6,3,10,3,72655
1,9,1,10,8,10,9,7,2,8,4,6,5,9,96156
2,6,6,6,5,10,2,10,8,9,3,2,10,9,82078
1,2,4,8,2,10,2,6,9,2,4,3,3,1,48333
4,7,4,1,7,8,9,10,5,9,3,7,5,3,75810
1,2,6,10,6,2,5,4,10,10,2,7,1,1,54387
1,2,10,10,2,1,4,2,8,3,7,2,9,9,65989
1,3,7,1,2,6,6,5,8,6,6,5,8,3,53310
2,8,5,5,8,8,3,7,9,2,9,8,1,7,82754
10,6,3,7,3,7,4,1,3,4,2,4,2,3,60813
4,3,4,5,7,10,6,2,6,8,6,5,10,7,73625
6,1,8,6,6,4,2,5,4,9,6,10,3,9,68683
2,10,6,1,7,10,7,9,4,5,8,10,3,3,80653
2,8,1,3,3,8,8,2,8,10,8,7,8,7,79194
10,10,6,3,10,1,8,1,8,1,10,6,1,8,85923
9,10,5,2,6,7,2,9,1,6,7,2,10,9,86839
5,3,9,2,1,4,10,5,10,1,3,2,8,7,62066
9,6,8,10,9,2,6,4,3,2,4,8,10,4,86148
10,9,4,10,8,7,6,10,3,7,6,4,8,7,105890
2,8,4,3,1,9,8,2,8,10,5,1,6,10,73335
10,10,9,1,9,8,5,3,5,10,3,10,2,5,74656
4,6,4,7,3,4,2,6,10,2,5,10,6,7,74147
6,6,10,4,3,6,2,3,1,1,4,6,2,7,55886
4,7,9,9,3,6,5,9,2,9,9,6,4,9,89574
4,3,8,5,9,4,10,9,3,8,8,1,3,4,72025
9,5,3,3,8,1,9,10,2,4,7,9,7,6,89099
10,1,6,9,7,8,8,3,3,7,5,3,10,4,75512
4,9,10,1,2,6,5,2,7,2,2,7,5,6,59809
3,3,3,9,2,1,1,6,3,1,10,2,3,10,67591
1,7,9,4,3,5,9,9,8,1,9,7,10,7,86389
10,4,9,8,8,1,1,2,10,9,2,3,5,5,64350
8,1,7,8,5,6,5,6,3,5,7,2,7,4,67849
2,1,4,8,3,5,5,6,10,2,7,3,10,9,73388
8,10,5,10,8,2,10,10,6,1,1,6,3,3,93664
5,7,10,9,5,7,9,3,6,2,1,3,8,10,86164
2,10,2,9,5,7,4,2,8,8,2,3,8,5,78854
6,7,10,6,6,4,1,2,3,3,3,6,2,5,60078
4,3,8,9,5,3,10,10,3,7,8,1,3,6,76944
1,8,7,1,6,2,8,7,1,2,3,10,5,8,70156
8,2,10,3,7,5,4,1,6,1,7,9,9,7,69531
3,8,8,6,6,5,4,1,6,4,2,5,2,6,61720
7,10,2,8,8,6,5,4,5,1,7,10,10,1,95144
2,8,7,10,4,6,3,6,8,2,9,6,10,6,91594
2,3,3,9,5,10,5,6,3,10,9,1,5,3,68917
2,9,2,6,4,10,8,3,2,8,4,5,7,7,78624
3,10,4,5,4,7,8,3,2,2,6,9,5,8,85808
6,9,6,4,2,9,10,3,10,10,4,5,5,5,80667
5,8,1,9,9,7,8,2,2,6,1,10,2,2,76598
4,7,4,1,8,6,7,5,1,3,2,8,7,4,70398
6,7,2,9,4,5,7,9,5,3,10,8,9,10,102220
4,9,8,1,6,2,3,2,2,1,5,10,1,7,59978
3,3,10,9,4,3,8,6,3,9,6,3,10,6,80733
7,5,4,10,9,5,2,8,5,5,1,6,7,3,78520
10,1,9,2,8,4,10,7,4,6,2,1,4,3,57235
3,9,2,9,7,5,5,3,7,8,2,5,9,10,88903
9,8,4,8,6,7,7,1,9,6,7,8,5,2,82076
6,1,2,7,7,10,4,1,3,1,10,7,1,1,56811
6,5,5,9,3,3,10,5,1,4,1,1,1,10,73111
4,2,5,2,2,3,3,7,9,5,4,6,4,7,51835
4,1,9,1,6,10,3,10,7,9,4,6,1,2,54559
8,2,8,2,4,1,4,6,1,4,2,7,2,2,46178
8,5,8,5,1,4,6,1,5,4,3,2,5,9,59541
9,1,5,6,9,10,3,10,8,10,5,3,7,4,79613
8,7,1,4,10,9,6,8,4,6,4,7,8,9,91785
4,4,4,3,4,6,5,8,2,1,9,1,1,2,54320
1,8,1,2,3,4,9,8,3,5,10,1,6,2,67570
3,9,5,10,3,8,10,5,1,6,1,8,3,1,78655
8,1,8,9,1,7,5,6,9,7,1,4,2,10,69877
1,3,3,7,10,4,7,6,3,5,4,6,7,9,79484
5,2,4,2,3,8,3,9,5,5,2,5,8,2,54710
9,2,9,6,4,7,3,10,6,4,8,2,1,4,64396
2,5,8,8,4,10,2,5,5,2,10,4,6,6,71295
5,6,3,7,9,8,8,4,2,1,9,3,9,6,87282
5,8,7,2,4,3,2,10,1,2,7,7,5,5,71795
7,9,9,7,2,5,5,6,8,4,1,10,5,8,85591
1,9,3,7,6,7,1,7,1,4,2,10,6,9,81468
8,3,6,10,10,8,10,4,4,3,8,5,10,10,101761
5,10,5,6,7,1,5,4,9,9,6,3,2,5,75195
1,4,2,6,7,9,7,7,8,9,10,4,1,6,73063
10,1,2,6,8,5,2,7,5,4,10,8,4,9,79492
8,7,1,4,1,5,9,7,9,3,7,3,10,8,88442
9,10,1,6,3,7,3,4,8,10,6,7,7,4,82503
10,1,5,9,7,1,6,10,7,2,8,9,3,1,77050
9,5,10,8,7,2,4,3,1,1,10,10,4,5,79224
4,10,3,3,10,10,10,5,5,9,8,4,7,1,87435
5,8,5,6,5,5,8,10,10,2,10,6,1,5,91149
1,1,10,4,10,8,2,6,2,6,10,2,9,5,64839
7,10,9,6,2,5,3,7,7,1,8,4,8,6,87481
10,10,1,8,2,9,3,10,7,7,1,7,6,10,99089
4,3,9,9,4,7,1,9,1,10,1,8,1,4,65211
9,6,9,1,2,1,6,3,3,7,3,1,3,5,51259
10,1,5,8,5,7,1,6,9,1,8,4,2,2,65662
7,7,6,5,6,7,2,8,7,5,3,10,4,8,80370
2,10,6,8,5,2,6,5,4,7,10,6,9,4,89018
8,3,8,5,10,7,5,4,10,6,2,5,2,9,72162
8,2,10,8,2,1,6,2,3,3,10,6,6,8,70240
1,8,3,10,7,5,7,8,2,7,7,5,10,9,99714
6,9,4,5,6,2,3,7,7,7,10,5,2,3,74427
5,9,4,6,4,4,8,1,7,4,4,1,6,2,64968
7,7,8,1,1,6,1,6,10,9,8,7,9,6,74261
2,10,2,6,4,7,10,4,8,10,2,5,7,4,80640
1,1,10,4,6,7,1,3,1,7,10,10,5,4,54629
4,1,7,4,1,7,8,4,3,9,1,4,1,1,39892
8,6,10,1,6,5,3,10,4,7,6,9,8,5,81081
3,2,3,2,5,10,7,4,1,9,8,8,5,3,59041
3,8,2,6,9,10,7,4,4,3,9,10,1,10,86761
6,2,7,6,1,7,2,9,1,8,9,1,6,2,64482
7,3,9,5,6,8,9,10,1,2,4,2,7,9,80301
4,2,10,6,10,9,10,6,9,8,10,8,6,2,83628
10,9,3,1,2,1,3,2,7,5,7,6,7,6,69711
3,9,3,5,2,5,1,10,5,4,1,7,8,8,76966
8,1,10,1,9,9,7,10,2,6,1,2,5,8,67717
4,7,8,8,5,3,6,6,8,9,3,1,5,10,79860
8,9,8,6,4,8,1,5,10,8,1,3,2,8,70217
4,8,3,9,6,5,9,8,2,3,2,4,9,10,91866
10,10,9,5,1,6,2,8,4,1,3,5,2,10,76617
9,10,4,7,3,6,6,10,2,7,7,2,5,2,88565
9,4,4,4,8,7,5,8,10,3,6,7,4,8,83708
2,6,2,2,9,10,2,4,8,2,1,3,8,2,56184
2,10,1,10,5,3,8,1,5,5,2,8,4,4,74416
8,5,3,7,6,6,5,7,2,1,5,9,7,10,87808
5,8,1,10,1,9,3,7,9,4,10,4,5,7,86685
8,4,7,4,1,9,8,9,10,9,6,9,8,1,81268
10,8,5,10,8,4,3,2,10,2,9,6,6,3,87142
1,6,6,2,4,8,6,2,6,5,1,9,8,1,55943
8,8,5,2,5,8,7,1,4,5,8,1,8,5,75588
2,8,7,9,2,4,8,8,9,6,10,6,7,8,96927
8,3,2,4,5,5,9,2,7,2,7,7,3,5,68530
7,4,6,4,3,9,3,7,10,8,1,6,2,4,60592
2,7,9,6,3,3,8,4,3,1,10,8,4,7,77647
3,3,9,2,2,10,10,2,8,2,4,6,3,5,55698
3,8,6,5,2,6,4,9,4,4,10,8,8,5,87116
2,9,5,7,5,3,9,9,10,4,7,2,10,7,93534
2,2,9,6,9,8,10,5,8,3,8,5,4,10,78267
8,8,4,4,10,9,10,4,5,8,4,2,10,1,83645
6,4,4,5,9,1,7,4,1,10,7,9,3,5,73520
10,9,4,4,8,4,10,2,10,6,4,10,4,5,84794
3,10,5,9,3,7,1,8,8,4,6,9,4,9,87369
4,3,5,4,1,8,3,6,9,1,5,8,1,10,60857
4,8,3,8,4,6,10,10,7,3,3,2,5,4,84044
6,4,8,9,5,8,8,7,10,7,5,8,10,7,94275
7,2,4,8,4,4,8,9,4,8,3,5,1,2,67275
2,10,4,10,4,4,5,5,6,7,8,3,1,2,72928
8,6,2,9,3,5,8,4,6,4,4,4,7,2,79195
3,2,1,6,7,6,5,8,5,6,2,3,8,6,65319
3,10,5,10,7,10,5,6,9,6,8,4,1,3,84929
8,6,3,3,10,7,2,10,1,10,2,1,7,8,75780
6,7,2,7,10,8,1,2,1,1,6,10,8,2,76085
4,1,5,1,5,3,10,10,2,9,10,8,4,5,72084
9,4,6,8,10,3,9,10,5,7,7,6,8,10,104298
2,4,1,6,5,10,6,9,4,1,9,9,8,3,83011
9,3,8,4,5,3,3,1,8,10,7,3,10,10,71657
4,4,6,5,2,2,6,3,7,1,2,3,9,3,58836
9,8,9,8,4,7,7,10,1,10,5,10,1,2,85930
8,8,2,10,1,5,8,4,1,3,7,3,3,2,75825
8,2,8,8,10,5,6,4,4,10,9,7,8,10,92683
5,5,8,7,1,1,7,4,2,7,7,1,10,3,67475
4,2,10,9,5,2,8,3,7,1,7,1,7,10,70822
8,3,9,9,2,2,10,9,5,5,5,7,10,6,89681
2,8,4,9,3,5,3,7,6,8,9,5,6,1,78981
6,6,1,1,5,3,2,8,5,3,1,7,3,5,57137
3,1,8,4,5,7,8,6,8,6,10,1,2,2,60341
10,3,5,9,1,4,6,4,4,8,3,9,9,2,74548
6,4,7,5,8,5,5,8,2,3,2,1,10,1,64585
9,2,8,6,1,7,7,6,1,9,8,6,8,2,75523
6,1,2,10,3,9,1,8,6,7,2,9,8,3,68829
9,6,9,5,7,7,2,3,10,7,2,8,9,7,79722
6,2,5,2,6,3,6,6,10,2,8,5,3,9,66888
3,1,5,9,5,8,5,3,5,4,1,9,1,9,64175
8,10,3,9,9,8,2,8,5,8,6,9,6,10,102285
5,3,1,3,8,4,4,6,1,5,6,9,6,3,67281
5,3,10,9,6,4,1,6,8,6,3,7,2,2,62897
5,6,3,4,10,9,9,10,3,5,10,6,4,4,91316
1,2,10,8,6,2,9,2,10,7,6,1,8,2,64112
8,10,6,7,5,7,2,2,5,8,2,5,10,7,85767
7,10,4,8,4,1,3,7,2,6,5,2,5,10,84491
10,8,3,5,8,3,3,9,1,8,10,8,4,8,92132
3,3,3,10,5,9,10,7,7,8,1,3,3,4,70018
3,6,6,9,9,8,1,6,3,5,2,1,6,1,65584
6,1,10,6,8,3,4,2,5,9,8,9,3,2,60793
9,8,4,4,1,10,10,7,1,9,4,4,8,3,83631
1,6,6,7,10,7,3,5,2,6,9,9,7,2,78695
4,1,8,8,5,5,6,3,6,6,8,5,1,5,59448
9,1,2,8,10,3,1,2,5,7,9,5,9,8,75058
3,2,7,7,6,2,9,6,10,5,9,10,1,6,72537
10,7,8,6,10,7,4,3,3,5,9,8,7,7,89464
9,5,2,4,2,4,8,7,5,10,8,7,5,8,80729
9,7,1,9,6,8,2,4,3,3,5,4,4,7,76547
10,2,9,3,7,2,9,8,3,4,8,2,6,9,79189
9,4,3,6,9,7,3,6,4,5,6,8,7,2,76150
9,5,3,3,5,6,2,9,1,2,10,6,5,8,76586
6,6,7,4,7,1,4,3,5,2,10,3,1,6,64174
6,4,3,9,4,10,2,4,7,4,9,7,2,1,69196
7,2,5,5,6,2,1,2,10,4,5,2,10,10,64686
1,2,5,2,3,2,5,2,7,7,8,2,9,10,58695
8,5,1,8,1,5,10,8,3,6,4,6,3,10,84528
9,1,1,9,3,8,2,5,5,3,2,2,3,3,57997
9,8,3,5,3,10,5,7,2,3,7,3,4,7,84424
4,6,2,8,9,10,10,8,3,5,4,2,8,2,85159
9,9,8,4,1,6,5,8,9,2,5,5,2,1,71337
6,2,10,1,6,3,8,7,7,7,4,8,9,9,72378
4,2,6,2,5,2,6,4,3,8,2,8,4,2,48419
3,1,3,5,8,3,2,7,7,3,7,6,4,10,66759
3,1,8,6,3,5,5,6,1,1,9,2,3,7,56801
5,2,5,2,2,6,2,3,3,8,7,8,4,8,53780
2,3,3,10,3,6,3,5,6,4,2,10,1,9,67825
7,7,9,3,1,8,2,5,10,1,9,4,4,7,67939
9,6,9,2,8,6,5,7,4,6,6,2,8,8,82392
8,1,8,3,5,10,6,2,7,9,3,10,7,5,61819
2,9,3,9,2,7,7,10,3,4,6,8,9,8,96288
2,10,8,3,6,10,5,3,9,6,9,1,1,2,65594
3,9,5,6,5,1,4,3,9,7,7,2,9,6,75629
5,8,3,9,9,10,7,5,7,2,4,8,8,9,97915
6,7,7,10,2,1,10,10,2,1,9,1,10,9,99019
5,4,4,2,6,9,3,3,9,8,6,8,3,7,63069
4,7,6,7,4,2,2,1,7,4,1,6,1,4,53908
2,1,6,1,2,2,3,8,9,1,5,5,10,5,52673
6,8,2,6,9,3,10,1,6,8,1,10,1,7,75441
4,6,9,6,9,8,5,5,4,4,1,9,2,1,67835
2,2,6,8,2,2,1,7,9,2,2,7,8,8,66872
7,8,2,9,9,8,7,1,8,9,3,8,7,8,93659
6,6,4,1,8,1,3,2,7,8,5,10,4,5,59881
2,1,5,10,7,8,4,3,5,1,1,7,9,4,63862
7,4,7,3,2,3,6,5,10,4,9,2,2,5,62352
6,3,7,9,1,1,2,2,1,10,2,2,10,6,56977
10,5,2,10,6,9,1,7,6,1,3,5,1,4,72627
6,5,8,2,8,2,6,8,3,7,2,7,2,4,60466
9,8,4,3,10,8,3,8,6,5,2,9,4,10,84050
1,8,4,7,7,1,8,8,2,3,10,4,7,7,91198
3,7,6,9,6,7,8,5,8,7,10,5,8,10,100121
9,7,3,2,2,5,2,4,7,5,3,2,7,4,60287
8,9,2,5,6,4,8,5,7,7,5,9,3,2,81124
9,1,3,9,3,4,8,10,6,3,2,2,9,10,85020
4,8,2,4,2,6,6,2,7,1,1,7,9,2,65819
3,3,5,3,5,6,7,9,5,5,1,9,2,2,57013
1,1,8,3,2,7,8,9,3,7,10,5,10,8,73131
1,2,2,10,6,9,7,2,2,9,8,8,5,5,75581
7,3,5,9,6,4,7,10,3,8,1,8,2,7,81248
7,8,4,1,5,5,8,8,7,1,6,7,9,3,78967
9,9,2,8,2,10,2,7,9,1,9,4,3,4,81341
7,8,6,4,7,5,3,10,9,6,7,2,3,6,76847
4,2,3,10,6,7,7,2,1,10,9,6,5,4,72791
5,3,4,6,5,3,5,8,7,1,9,9,7,9,83961
1,7,10,5,3,3,9,1,2,5,9,7,7,2,69743
7,9,1,7,4,7,7,4,6,6,4,6,4,5,83722
6,7,9,4,10,10,8,2,3,4,8,8,4,7,86008
3,4,1,7,5,9,7,8,8,1,2,4,7,9,76894
8,6,9,1,7,10,1,10,3,1,4,4,1,3,63445
3,8,10,7,9,5,1,6,10,5,3,3,8,3,72702
5,1,5,2,2,9,1,7,3,10,7,5,3,8,54711
7,3,10,9,3,4,10,4,5,7,9,4,7,1,75070
10,7,9,9,9,6,8,3,7,1,7,5,2,1,78537
3,1,5,5,10,2,9,10,1,4,7,6,1,2,66527
8,8,6,7,1,8,3,5,6,10,7,7,9,2,81711
10,6,6,8,5,7,7,2,5,2,1,4,2,5,68122
5,8,1,3,7,7,2,8,1,9,3,4,3,4,64842
4,8,10,10,10,5,9,1,7,4,10,8,7,6,94082
8,2,8,2,9,6,1,8,8,8,6,2,2,9,66075
6,9,4,10,1,10,9,1,5,3,3,8,4,6,83082
2,9,8,8,2,9,10,10,9,6,3,8,9,9,104114
7,1,6,2,8,8,2,1,6,9,10,8,1,8,59338
5,7,1,1,4,5,4,6,9,10,4,10,2,2,60695
3,5,9,5,7,8,9,8,6,8,7,2,4,8,80558
7,8,5,3,10,10,7,10,5,9,6,2,5,6,89945
7,6,1,1,4,3,2,3,3,9,4,9,8,7,66878
2,3,9,9,8,6,8,4,4,3,3,6,4,6,70058
10,1,2,2,10,6,4,9,8,1,3,3,5,3,61576
5,8,4,9,3,1,10,3,2,10,8,5,1,4,78835
1,1,7,8,6,7,1,7,2,4,8,1,1,3,49146
5,7,7,10,10,7,1,2,4,3,5,9,8,5,80137
8,9,9,4,10,3,10,3,4,6,1,2,2,1,67105
3,6,10,9,1,4,8,7,6,8,8,4,10,4,87697
8,5,10,9,6,9,8,9,3,5,3,8,10,5,93633
4,2,2,9,8,4,9,5,1,5,4,6,3,7,72641
1,7,6,10,8,8,3,2,5,2,3,2,8,8,74154
7,4,6,9,6,4,9,6,1,3,7,9,9,3,88062
8,9,9,5,5,9,1,8,2,8,4,7,5,3,78730
4,4,4,10,2,2,5,5,6,9,8,6,5,9,76652
7,7,1,10,9,9,6,7,4,2,10,2,5,2,87055
3,2,9,2,1,7,5,1,1,7,6,3,4,8,50448
9,1,7,9,6,1,9,3,5,5,3,10,9,1,74530
4,8,5,2,1,10,1,1,7,6,9,4,6,7,63526
5,4,1,6,5,1,2,8,6,4,10,10,4,4,73934
4,6,7,9,10,2,9,5,4,6,2,4,10,4,84953
4,6,7,10,8,1,5,8,4,1,9,6,4,4,83654
3,1,2,1,8,1,7,7,8,4,9,10,2,8,65673
2,2,1,7,6,4,3,10,9,4,6,6,2,9,70538
4,6,10,2,3,3,10,9,4,5,9,1,8,9,81175
2,9,2,8,2,6,7,4,3,5,2,6,7,7,76806
10,5,6,5,10,5,9,10,7,8,3,4,1,6,85725
7,8,5,2,4,3,1,3,5,7,5,6,6,9,69594
1,10,1,4,1,1,5,4,3,2,9,9,9,9,83692
4,3,2,7,7,5,2,6,6,3,5,8,10,8,79503
9,3,8,7,4,4,1,9,5,7,7,9,4,10,84382
3,3,3,6,3,8,7,9,5,2,7,4,6,9,79969
4,7,7,7,3,5,3,5,6,4,4,8,7,1,70330
6,9,9,4,8,2,10,5,10,9,2,5,4,6,78947
7,10,6,8,6,2,6,8,10,1,1,4,2,6,83309
9,5,2,5,4,6,7,2,9,1,7,1,7,10,77902
2,4,7,2,5,10,5,9,8,2,3,1,1,10,58864
5,6,1,7,1,4,3,2,4,9,10,4,1,10,70897
2,5,8,7,3,6,8,4,5,1,6,9,5,9,77606
3,6,4,4,2,2,5,2,6,8,10,2,10,9,72748
8,10,7,7,10,4,7,2,7,2,2,6,2,5,79983
9,1,6,5,8,1,3,2,5,7,8,3,3,6,56662
9,9,7,10,10,1,8,8,7,9,6,7,7,3,100589
3,8,8,9,7,8,3,2,6,9,9,6,6,6,84568
9,9,10,8,10,7,3,4,10,1,1,5,1,9,81550
3,5,3,10,7,7,3,1,3,1,7,8,2,5,70943
4,3,10,6,7,6,9,10,9,7,1,4,9,6,80100
4,8,6,7,3,5,7,6,9,5,4,7,4,6,80871
2,4,2,8,10,5,5,9,2,8,2,10,10,5,82466
1,10,1,10,6,1,5,3,9,5,9,1,10,10,92112
7,7,8,6,1,1,6,1,10,5,4,4,6,6,66800
8,9,7,1,1,5,8,7,6,9,1,9,7,5,78594
9,10,5,1,3,1,9,5,3,5,6,1,5,9,78223
8,5,10,1,10,1,3,10,2,1,7,6,6,4,69822
10,6,5,1,5,3,1,8,7,10,10,6,9,3,78330
8,2,9,2,10,9,4,7,10,4,5,7,6,2,66250
8,10,8,4,10,7,10,2,6,4,6,9,4,1,83285
5,5,6,6,4,7,6,2,2,6,7,5,9,5,72788
4,2,3,2,6,4,3,1,10,3,8,10,10,8,65028
4,3,2,6,10,2,6,5,5,3,8,8,6,2,68861
5,8,1,7,2,4,6,7,4,4,4,6,8,7,81167
2,1,4,6,8,9,9,6,5,3,3,4,1,10,66319
7,7,10,8,9,3,9,2,3,10,9,8,1,4,85082
4,7,4,3,8,8,7,10,1,3,8,9,8,10,93973
9,10,4,9,3,7,3,4,5,7,9,9,10,4,95220
4,9,2,3,9,10,2,3,4,5,6,4,4,2,66248
8,7,4,2,4,9,8,9,1,8,2,9,4,3,78097
9,8,4,8,7,7,1,10,3,8,4,1,6,7,85839
3,10,9,5,1,3,6,5,10,4,8,3,6,1,72326
5,6,8,8,8,4,3,1,9,8,10,6,4,6,79466
3,1,2,8,8,6,7,8,9,6,3,4,10,1,73028
5,8,7,1,8,5,1,1,8,2,6,7,5,8,64954
4,1,5,2,4,1,1,9,9,3,10,7,4,9,60994
9,8,8,6,3,5,6,4,7,5,6,5,1,8,79026
5,1,4,7,8,2,2,1,4,1,8,3,7,2,55352
9,7,6,8,2,1,2,10,7,9,6,4,3,8,80372
7,5,8,10,8,2,10,5,2,7,7,5,8,2,89516
3,4,3,9,8,4,10,5,7,8,8,1,2,9,83021
5,3,1,8,7,2,2,8,10,6,7,1,2,5,66026
8,7,2,8,5,7,5,8,10,5,5,6,1,8,87180
2,8,6,4,9,1,1,1,2,4,6,3,3,6,58672
6,6,2,6,10,7,1,5,1,2,2,1,4,2,60708
4,1,6,6,1,9,9,4,6,4,6,5,9,1,66531
9,9,7,6,5,5,8,2,6,1,10,4,8,9,92026
5,2,2,7,6,9,8,3,4,7,5,4,7,10,77949
2,9,8,3,4,2,4,2,5,9,10,6,10,6,75765
6,10,5,1,2,10,8,10,2,10,4,1,3,8,77501
1,7,5,9,2,3,1,3,1,1,5,1,7,2,54800
9,8,8,9,10,4,10,9,5,6,7,8,1,1,96036
9,10,4,4,3,3,4,3,3,9,10,10,9,6,90471
7,9,8,7,8,10,3,2,10,5,8,3,2,5,80384
5,8,2,2,1,4,5,4,2,7,10,1,3,8,68487
7,9,9,10,10,8,9,4,5,1,8,4,8,3,96540
4,9,4,2,9,7,3,5,3,9,1,10,10,5,79287
7,2,9,2,1,5,10,10,6,5,8,10,3,1,68729
1,9,8,10,9,5,4,8,4,2,3,10,1,6,86779
7,10,4,8,1,1,6,5,9,4,8,7,4,1,79210
10,8,10,7,5,5,9,5,8,3,4,6,6,5,91067
4,10,2,5,4,8,10,1,6,7,9,1,2,3,71562
1,7,1,1,6,9,8,3,1,10,3,5,10,7,73047
10,10,3,1,4,10,5,8,7,2,5,8,9,5,88901
8,4,1,5,4,8,8,10,4,3,3,2,9,1,73931
2,7,2,7,1,4,10,1,9,2,7,5,8,9,82385
6,9,9,8,10,1,3,6,2,6,9,8,4,5,87196
2,1,3,1,8,7,4,5,9,9,6,1,10,6,59168
10,9,8,3,4,6,1,7,7,8,2,10,10,5,81709
2,10,3,9,9,9,5,4,2,1,3,1,9,1,78368
6,6,4,4,4,3,8,1,7,3,1,2,4,2,51232
4,2,9,4,6,6,2,9,6,7,6,5,5,2,58513
8,6,7,7,2,10,5,4,5,10,8,2,2,5,74592
5,2,4,9,9,8,8,7,8,5,5,7,2,7,80728
7,4,2,4,5,4,5,3,9,2,9,4,1,1,58963
7,7,10,3,4,1,8,5,4,6,8,5,8,4,77940
4,8,6,7,7,7,6,3,6,2,10,4,6,8,88004
3,4,10,7,5,3,9,2,1,8,2,4,9,5,68226
7,3,7,6,2,3,4,7,3,4,10,6,6,8,73352
4,9,8,6,10,5,3,10,10,2,3,4,4,9,84869
10,9,7,7,8,8,7,5,3,4,7,5,10,7,98406
9,5,1,8,6,10,6,4,4,2,1,7,8,10,86490
1,10,5,7,7,1,4,8,3,1,9,10,8,1,86404
3,10,7,2,6,2,7,6,2,6,1,8,4,4,71353
10,9,10,9,3,7,8,3,7,7,7,4,2,2,83598
6,2,7,7,2,3,7,3,7,6,5,6,1,5,58080
9,2,3,6,3,2,10,10,7,9,8,1,5,10,82882
8,9,5,5,5,3,9,1,4,8,3,4,2,3,65719
9,5,9,3,6,5,5,7,8,2,8,7,5,6,80732
1,3,2,9,2,6,6,2,10,8,1,4,1,4,53225
1,10,5,7,10,6,9,5,1,4,5,4,8,7,92323
10,7,7,6,2,4,4,5,3,4,2,3,7,1,64311
1,6,10,2,6,4,8,10,9,3,7,7,7,9,85476
3,6,7,7,1,4,5,2,4,8,4,4,7,6,61983
2,2,1,7,8,10,10,2,8,6,6,4,9,10,80960
4,1,4,4,4,9,4,1,1,4,7,4,4,7,54098
5,5,2,8,2,7,7,6,2,3,3,9,3,3,69665
8,5,3,2,4,2,8,1,3,1,10,4,8,5,65564
10,3,6,2,8,6,1,9,1,8,6,6,10,1,69568
8,6,10,8,1,7,5,7,9,2,8,3,1,3,75491
5,3,8,7,6,1,4,5,4,2,4,8,1,2,55923
7,6,10,3,5,4,3,6,10,1,3,7,8,2,64991
4,5,5,9,8,7,9,3,9,8,7,8,5,1,81141
5,1,7,6,9,8,9,5,1,5,1,2,5,5,62306
7,9,7,4,8,5,4,5,4,10,10,8,5,4,81915
8,10,9,1,1,1,4,6,6,9,9,9,3,3,72833
6,1,4,1,2,8,7,6,3,10,5,4,10,5,59933
6,6,6,10,7,2,9,5,2,4,7,7,8,5,93158
6,5,5,9,3,10,5,7,3,1,3,8,3,6,79282
6,5,7,6,10,7,8,10,7,1,1,2,4,8,83246
5,4,1,9,6,3,2,10,1,7,7,2,1,1,62965
8,3,10,8,9,8,10,9,6,7,1,2,1,2,71172
9,8,2,3,10,6,4,3,6,3,3,5,4,2,69685
6,9,8,6,3,7,7,9,7,3,9,9,8,3,92304
4,10,7,2,4,3,6,9,2,7,6,5,2,3,73886
6,10,3,9,1,7,9,7,4,5,8,5,2,1,87353
5,7,10,6,3,5,6,10,7,8,10,5,8,9,92339
1,10,5,9,3,7,9,3,9,5,4,4,5,8,87422
6,6,3,2,2,10,8,6,2,1,8,6,5,3,69481
7,8,5,6,10,6,7,9,4,9,4,9,3,7,93565
2,4,4,8,2,4,10,2,8,9,3,1,2,5,58819
1,9,7,1,10,4,1,4,6,10,4,8,1,3,56118
7,8,10,3,8,7,4,2,8,4,4,8,1,7,68807
9,2,4,7,5,8,9,10,2,7,4,6,2,7,78262
2,1,3,10,8,8,2,2,3,10,1,1,2,5,52460
1,4,8,7,2,6,1,2,7,7,7,10,10,10,74363
9,4,10,5,7,4,4,3,5,2,1,8,8,7,70793
5,3,5,10,3,5,1,2,5,3,1,2,6,3,54028
7,8,9,1,2,2,1,4,3,6,5,10,9,6,66862
6,6,3,9,2,10,3,8,9,6,4,10,6,10,92391
3,6,6,5,9,6,9,7,5,1,3,8,5,4,78349
2,3,10,5,5,4,5,1,10,6,5,7,4,10,63648
1,7,10,7,1,6,10,4,9,7,4,8,8,10,84670
3,7,6,7,1,1,9,6,9,4,9,10,9,4,88093
8,2,8,3,6,8,4,9,10,4,2,4,6,4,67228
5,4,6,8,1,8,5,2,1,7,2,6,10,10,71006
3,9,10,3,2,1,7,5,10,3,7,7,10,1,73890
8,5,2,8,5,2,4,2,1,5,5,3,7,9,73334
7,1,4,1,3,1,4,9,10,1,7,3,9,4,58870
8,5,7,3,5,5,1,3,8,3,2,3,9,9,65306
1,2,7,6,7,5,1,3,7,10,3,9,3,1,50240
7,10,1,1,5,4,8,2,2,1,8,5,1,7,70338
5,7,5,10,7,4,2,1,6,7,3,3,5,5,66126
3,8,1,2,10,3,4,1,6,6,9,10,7,6,74786
1,10,2,1,10,5,8,3,8,4,7,1,5,2,65889
10,5,5,6,1,7,2,7,9,10,8,5,3,1,70522
7,6,8,6,6,8,8,10,1,7,9,5,1,1,78599
6,1,6,5,10,7,9,10,8,8,1,8,6,7,83673
5,3,5,7,9,6,2,10,9,7,5,10,6,3,78956
3,1,2,7,10,5,5,3,9,1,7,5,10,8,75464
4,7,2,3,7,10,2,7,8,5,4,1,1,9,67518
6,7,8,8,5,10,5,4,1,9,1,5,8,4,76777
8,9,8,9,6,4,1,2,8,5,7,7,4,7,81510
4,1,10,6,3,8,1,2,1,9,9,8,10,7,67338
2,9,10,9,3,4,2,5,2,10,2,9,3,1,65150
5,7,10,9,7,1,6,9,8,9,9,1,3,9,91448
10,1,6,8,7,2,5,6,7,8,7,4,9,7,81210
1,3,6,7,10,4,3,8,10,10,10,7,9,2,76417
8,6,5,4,1,10,3,3,5,8,4,8,6,4,68691
9,8,8,8,2,5,4,6,3,5,2,4,4,7,78274
3,6,9,4,7,6,6,10,4,7,1,1,9,6,73997
7,7,3,8,8,8,6,1,7,2,7,3,1,10,79556
1,1,5,7,8,5,7,6,9,6,8,4,5,5,70736
3,6,3,4,6,9,2,8,4,9,9,7,7,3,77665
4,7,2,2,1,2,9,3,3,7,7,4,4,5,60947
1,9,8,4,8,10,4,2,4,7,8,6,5,10,81006
10,8,2,1,4,3,6,3,7,8,7,1,1,9,67621
3,2,3,2,1,4,5,8,10,1,5,9,6,10,67859
5,1,9,2,2,1,7,1,7,7,7,5,7,3,47670
9,7,1,6,10,9,2,10,2,6,9,3,7,6,92103
1,9,7,8,3,3,9,7,2,2,5,1,7,1,71246
10,4,9,7,1,5,4,8,2,6,9,2,1,3,69678
7,9,7,1,5,8,2,9,3,6,5,7,7,9,82964
1,9,9,10,4,8,3,2,8,1,9,8,10,9,93181
3,3,4,3,8,7,8,9,9,6,3,1,6,2,63164
7,10,5,9,2,8,2,4,4,2,2,1,9,10,81310
4,7,6,3,8,10,2,3,2,1,10,9,6,3,72930
6,3,10,10,8,5,2,3,9,6,6,5,3,3,68323
7,2,7,10,8,3,10,8,4,3,2,10,3,3,78774
7,4,5,1,10,10,9,7,9,2,4,3,7,5,77663
3,5,8,2,7,7,3,8,10,3,4,10,1,5,65040
4,1,8,1,4,7,4,8,1,4,8,3,7,1,53591
7,5,8,3,3,2,10,7,6,6,3,9,8,6,77726
9,5,1,10,7,10,5,7,6,6,8,1,6,1,86426
10,2,7,9,3,1,7,7,5,4,5,5,10,9,87658
6,4,5,9,2,3,7,7,2,10,7,9,1,6,77875
4,8,3,2,6,6,4,10,8,9,8,4,3,10,84470
7,4,1,2,9,2,10,7,5,4,6,10,1,8,79060
5,5,5,10,10,6,1,3,9,1,5,9,10,1,76266
9,8,3,3,9,2,6,1,2,2,8,9,8,7,84787
7,4,10,10,9,7,9,10,8,8,9,1,8,3,97012
7,1,4,9,8,2,8,10,1,9,1,5,4,1,67687
5,6,5,7,5,8,6,10,6,5,8,5,9,7,92851
6,7,7,7,10,4,6,7,7,4,7,1,1,8,80827
5,9,3,5,8,5,5,4,3,6,9,5,2,2,75152
6,7,10,8,9,2,6,6,7,6,4,9,9,10,96008
8,4,1,6,2,3,1,3,7,5,2,10,7,7,66700
1,4,9,3,6,6,3,10,9,8,8,6,5,1,65259
3,6,4,4,7,5,8,1,2,2,6,1,1,5,57084
9,8,10,9,9,5,6,3,9,7,8,10,2,10,100335
9,9,4,9,7,2,7,2,2,3,4,7,1,7,81753
4,4,9,2,6,9,1,4,10,9,4,7,1,3,54600
7,5,10,7,3,9,3,10,5,6,2,5,9,4,81299
10,10,4,7,5,5,4,3,7,5,2,5,4,9,80364
7,9,5,7,6,4,10,6,10,9,1,1,7,2,83661
10,4,10,9,6,8,2,4,4,10,4,9,5,8,80267
6,1,5,9,5,7,3,5,1,10,5,8,2,2,58396
6,9,6,10,9,7,9,2,5,9,3,2,7,3,86482
6,4,5,4,9,4,3,1,10,5,10,4,10,6,75076
2,5,10,2,6,6,4,9,3,6,2,4,8,1,56948
4,3,3,9,6,3,8,10,9,8,6,2,10,1,81901
10,9,8,3,8,8,1,4,7,10,3,3,7,6,75592
6,8,9,8,8,6,2,8,5,3,1,2,1,2,65709
5,9,8,8,6,1,7,10,5,2,1,6,2,9,86353
7,1,3,9,8,7,5,1,6,4,9,1,6,9,75374
2,5,6,7,9,7,9,6,7,6,5,9,10,4,88746
3,10,10,2,8,4,7,3,8,5,9,10,10,7,91207
5,3,3,1,4,4,10,10,2,10,7,6,7,8,79353
2,3,1,3,6,6,5,7,10,4,9,6,6,6,72824
4,7,5,1,4,8,5,9,8,7,6,9,9,8,87170
10,5,7,2,3,8,9,6,6,7,4,4,1,2,63563
9,5,8,6,5,4,10,3,8,10,2,4,2,7,74047
1,3,8,10,4,7,7,10,4,3,6,7,1,3,71387
10,8,9,6,4,5,6,8,3,2,4,9,10,7,92620
10,6,9,7,4,3,4,1,2,1,6,3,10,1,69567
1,3,6,4,4,7,2,8,2,2,6,6,8,6,64169
5,9,7,10,4,5,5,7,10,9,10,8,9,10,108365
3,7,6,3,9,6,2,4,2,10,6,10,3,8,68883
7,5,2,2,1,1,5,4,3,8,7,4,6,4,60633
9,10,9,6,1,9,1,10,1,10,4,6,3,3,77413
2,4,6,1,2,4,10,8,3,8,3,10,2,10,66159
10,9,10,9,2,6,4,2,3,7,6,7,8,9,91258
7,9,3,6,7,4,2,9,1,9,6,2,4,1,74989
8,6,1,3,4,10,5,8,7,2,3,8,6,8,82654
9,7,9,2,5,3,3,4,3,2,3,1,7,2,58581
2,1,8,6,3,2,2,10,6,5,10,6,5,10,71645
6,6,4,8,9,5,3,2,6,3,10,7,4,2,75155
1,6,4,1,4,2,9,7,6,9,5,6,1,1,57422
4,8,3,1,9,10,2,2,4,7,7,7,8,5,73883
6,6,6,8,2,3,7,6,5,5,2,10,10,1,80536
4,4,7,8,3,9,3,10,10,3,8,3,2,2,68136
4,5,2,10,6,6,10,2,2,3,3,5,10,6,83184
2,4,6,1,10,4,4,10,6,5,10,6,3,8,72396
9,5,5,8,5,3,8,3,9,3,9,4,10,4,84941
2,10,6,9,9,3,3,9,5,8,4,4,1,9,87672
4,2,10,9,6,10,6,9,3,5,8,1,7,8,84679
4,9,8,5,9,5,8,5,8,9,4,9,1,10,89317
9,9,4,9,3,3,6,4,3,1,7,3,4,9,87120
5,4,3,3,1,5,9,8,7,1,8,1,6,1,62712
8,5,3,7,2,3,7,1,5,10,3,7,7,3,66042
1,3,6,1,10,3,3,5,2,2,9,1,1,6,49295
3,8,9,9,4,8,4,8,3,7,1,5,5,8,79687
8,6,1,7,10,5,9,5,1,1,8,5,10,3,90715
3,4,6,2,9,3,4,8,6,4,8,9,8,9,80947
2,6,5,9,1,9,6,7,4,5,1,7,1,1,64019
1,8,9,3,5,9,5,1,6,2,3,10,9,5,72279
8,7,3,8,8,4,9,8,8,2,6,8,8,10,104852
4,9,2,1,8,7,5,6,4,10,7,2,1,9,69973
7,3,1,7,9,9,8,3,9,8,9,1,9,4,80524
4,2,10,10,10,8,9,6,2,2,8,3,2,8,81985
4,3,5,6,2,8,4,6,10,2,5,8,5,1,63459
2,10,10,5,4,9,10,1,10,4,4,4,1,8,71704
4,9,5,9,4,2,4,2,9,2,6,9,1,4,71473
5,4,8,4,7,8,3,10,4,3,7,9,8,10,85226
7,7,6,9,8,3,9,5,3,4,2,7,5,8,86857
8,1,6,7,8,8,7,1,1,8,8,5,9,1,67005
7,10,3,2,10,10,2,7,10,7,10,4,10,8,93877
6,7,10,2,6,7,9,4,2,9,7,4,7,5,79001
5,5,8,9,7,9,7,8,8,5,6,3,4,7,82970
6,10,4,3,4,8,5,4,5,6,5,3,8,1,69445
1,4,4,3,2,3,1,6,5,9,2,7,8,2,51210
1,9,6,4,1,4,1,1,8,2,8,1,10,6,61142
2,6,4,7,1,9,7,3,5,5,5,3,8,6,73052
4,2,9,8,4,10,4,2,3,7,8,9,2,5,67661
3,7,5,5,7,9,6,3,6,4,4,3,9,2,72037
6,3,8,3,3,3,2,1,3,6,4,10,9,5,55507
5,7,8,8,3,2,1,7,7,9,5,10,4,8,78081
6,3,2,4,9,6,1,9,4,10,6,5,3,4,63918
3,4,6,8,2,2,6,5,9,2,8,5,9,3,72061
9,5,1,1,7,8,7,4,5,6,5,8,6,5,75709
4,3,2,2,10,3,1,4,3,1,1,4,6,10,54367
2,5,10,7,6,1,10,3,1,10,10,3,2,7,74309
6,7,3,8,9,2,4,8,3,8,2,5,5,1,75220
7,4,1,3,10,4,3,4,6,1,7,5,5,7,64994
4,2,5,2,1,9,4,1,9,1,7,7,5,3,52079
9,1,2,7,7,8,9,1,6,2,3,3,3,4,62459
2,5,6,7,9,3,5,4,10,3,9,5,1,7,70403
7,1,4,10,10,6,4,1,9,3,4,9,2,10,74532
1,1,5,5,1,6,4,2,4,7,5,1,8,6,46080
7,10,2,10,9,9,6,2,6,8,1,3,10,2,85418
7,5,3,7,10,4,6,5,1,7,5,9,7,8,86406
1,1,8,6,4,1,10,7,1,10,8,6,4,9,73405
5,6,7,7,7,3,5,1,9,8,7,10,5,9,81701
10,7,7,10,9,7,7,1,10,7,7,9,7,4,96381
6,8,5,10,9,9,10,4,8,6,4,9,1,10,98113
3,3,5,6,2,3,7,3,4,6,10,2,1,6,61200
2,6,4,8,10,4,5,8,5,9,3,6,10,1,77545
8,4,1,1,6,8,4,9,7,10,5,8,3,5,67402
5,3,8,4,5,9,8,4,1,8,5,9,3,1,59171
3,5,5,9,1,4,1,4,6,4,10,5,7,5,71720
4,6,3,8,1,3,5,9,3,7,7,3,10,1,78964
3,2,6,10,6,1,9,5,2,6,2,5,8,8,73422
10,3,4,10,9,6,6,7,9,1,9,5,4,3,85053
2,6,10,5,3,5,5,10,8,5,5,6,10,7,84191
8,7,3,1,8,10,9,1,5,7,3,10,2,8,72721
6,3,2,5,4,6,8,10,3,1,7,9,9,4,83264
5,6,5,10,6,10,10,6,5,3,1,7,10,5,90987
1,1,3,4,7,9,4,2,3,8,2,2,8,7,50181
6,1,2,1,2,9,1,9,1,10,3,7,7,2,54502
10,5,2,6,1,10,9,8,8,7,1,4,9,6,84538
1,6,6,6,5,8,3,6,2,2,10,1,2,2,58286
9,5,3,5,1,1,3,7,7,9,3,6,1,9,67312
1,10,3,9,9,4,2,10,9,2,4,2,2,6,83365
9,7,6,7,7,6,8,3,8,10,3,1,4,3,73169
1,6,2,7,8,8,3,7,1,6,3,10,5,9,78206
1,4,1,10,2,7,5,10,10,3,8,9,1,10,81818
4,1,5,8,3,2,5,2,2,1,1,8,6,7,55962
10,2,7,1,5,3,1,6,10,1,7,7,10,1,62243
9,9,10,4,1,3,5,10,9,7,2,5,4,5,76187
4,9,1,6,9,2,9,6,1,8,6,6,6,3,86336
5,7,6,3,9,4,5,6,7,5,9,6,3,2,72156
6,5,4,9,2,4,7,4,3,6,1,6,7,7,76500
7,10,1,3,8,8,8,2,4,1,4,2,3,10,75797
6,6,6,7,4,9,6,3,6,6,8,6,2,3,69383
6,9,1,5,9,7,3,1,9,6,6,4,9,6,77606
5,5,8,5,5,4,10,6,8,7,10,5,3,2,77045
9,5,10,7,4,9,9,10,1,5,8,3,6,7,94247
10,4,9,5,7,3,1,10,7,8,1,7,7,2,73288
2,9,2,2,8,6,9,9,9,6,6,6,7,5,84876
7,7,7,6,10,10,7,9,5,4,7,1,3,7,85495
8,5,3,6,8,6,1,4,2,2,3,10,10,5,73778
10,5,1,4,10,5,6,5,9,4,4,7,5,8,81610
5,5,8,4,9,2,2,8,4,5,4,5,2,2,56717
3,10,2,5,4,5,1,5,4,9,8,6,4,4,73646
6,4,2,5,1,8,6,8,4,10,5,10,4,4,72522
8,8,9,7,2,9,10,3,10,4,10,6,2,3,82331
8,2,8,4,2,3,7,2,1,9,1,8,10,5,58994
4,7,1,2,5,8,7,8,5,2,1,2,4,2,59064
9,2,10,5,10,7,3,5,9,9,8,7,4,2,72029
10,5,6,5,3,5,8,6,3,7,5,2,2,9,75683
9,7,5,6,10,2,2,4,10,6,6,4,2,2,69944
6,5,7,2,9,7,4,8,6,3,2,7,7,8,75541
10,10,10,8,2,8,6,8,5,3,9,6,2,1,89104
1,6,8,10,4,7,7,5,5,7,7,10,10,2,83551
7,7,4,10,1,9,4,9,5,5,2,10,9,5,90963
5,7,10,10,2,9,4,10,7,9,4,5,10,3,88989
6,8,3,5,10,4,4,6,3,4,2,1,1,5,64866
6,3,6,10,4,2,10,3,6,7,6,7,4,3,74109
7,1,9,9,4,4,1,10,10,7,8,6,10,3,80813
3,5,8,8,5,7,2,6,9,7,7,6,9,4,74793
3,7,3,4,10,6,9,7,10,1,2,4,3,8,79881
9,1,10,7,3,7,3,6,2,10,9,10,1,9,72156
9,9,7,5,1,1,7,8,6,1,6,7,4,10,88854
2,7,4,1,8,9,4,3,5,6,10,6,3,6,68483
10,1,10,8,3,3,3,2,1,1,2,5,5,5,56276
5,5,9,2,4,2,1,10,3,10,1,7,5,9,66982
4,6,3,1,1,4,2,2,5,7,2,6,1,1,39537
9,10,8,5,4,5,5,1,4,5,7,5,4,1,73000
4,5,7,3,1,3,10,7,1,5,7,5,8,10,81064
4,5,3,1,7,9,6,6,9,7,4,9,10,8,78244
2,7,7,2,8,2,8,1,6,6,9,10,3,6,70077
4,2,4,4,7,1,9,3,7,5,8,7,1,9,67778
5,3,1,7,8,10,7,9,9,4,2,6,6,1,72543
6,8,6,7,7,2,5,6,3,1,9,2,5,6,80185
3,6,6,7,6,1,10,10,1,5,4,6,9,7,91304
5,8,2,8,9,3,5,5,10,7,7,3,6,3,79075
5,6,2,5,5,1,4,5,5,4,8,6,3,9,71193
3,8,2,4,8,7,1,3,7,5,2,2,3,10,63028
3,2,8,10,10,5,3,5,2,6,4,2,9,2,68852
9,4,6,2,2,9,9,4,8,7,8,3,7,7,76345
1,1,3,3,8,6,2,5,9,6,9,5,5,8,60302
1,8,1,9,3,10,3,7,6,8,10,8,2,2,77460
5,7,6,6,3,3,2,5,8,1,5,5,7,9,76664
6,2,6,1,10,7,3,4,2,1,8,10,6,7,64939
10,9,4,6,6,8,6,2,4,2,6,2,3,5,76464
10,9,5,3,4,10,4,10,4,10,8,1,4,5,81571
9,9,1,5,2,3,2,4,10,7,7,1,3,9,72329
4,3,7,4,9,9,4,8,4,6,10,3,2,3,68360
6,7,10,1,3,3,9,10,8,4,1,7,7,2,74724
5,9,6,10,1,4,9,8,5,6,8,10,8,10,105229
5,1,1,9,10,3,6,8,2,9,9,1,10,9,85312
2,5,9,5,2,8,8,9,8,3,2,5,9,9,77678
4,2,7,7,8,3,4,5,6,7,3,5,4,5,63290
5,5,5,2,6,1,10,9,2,2,3,7,1,8,69861
3,6,10,4,4,3,3,9,4,3,9,1,6,10,71521
4,3,8,4,7,2,3,10,2,4,3,9,1,3,58493
5,6,9,10,3,7,2,2,1,5,5,2,8,2,62790
4,7,4,9,2,6,10,5,9,8,1,9,4,5,80828
8,9,3,8,2,6,7,10,7,1,2,4,2,9,86881
3,9,6,1,7,7,3,3,5,6,4,7,4,6,65291
9,6,2,2,9,6,4,1,10,10,8,10,2,3,66999
4,10,6,5,5,8,9,10,10,10,10,8,5,9,106626
8,9,6,10,10,8,5,7,5,6,9,8,4,8,103937
2,5,1,4,4,10,1,4,10,6,7,3,5,2,54258
1,1,10,2,3,4,2,5,7,3,9,9,7,2,53447
10,2,3,6,7,3,8,4,3,10,10,1,6,8,77348
4,6,5,3,9,9,1,8,4,4,6,10,9,1,74911
4,7,3,2,2,9,6,2,8,9,5,9,7,5,69785
1,10,2,5,8,6,8,7,1,6,8,2,4,2,77648
10,1,1,4,1,4,7,8,3,5,7,1,10,6,69174
2,2,6,5,2,9,1,4,9,2,10,7,9,10,70314
7,7,1,5,9,3,9,3,4,3,9,5,7,5,85282
5,4,7,10,3,4,9,2,10,1,6,4,8,9,83953
2,9,7,9,7,8,10,4,6,9,2,1,2,1,73576
2,3,10,9,5,7,5,10,6,2,3,8,5,4,73615
5,2,9,8,4,4,5,4,4,9,7,2,5,10,68694
3,6,6,10,8,8,7,9,4,5,1,2,2,7,79459
8,10,2,7,10,7,9,5,10,8,6,5,3,7,97747
1,8,9,3,4,4,2,10,6,10,3,6,7,10,77638
2,6,5,9,5,5,4,2,8,6,2,9,5,3,69106
2,6,5,2,2,6,4,7,7,6,10,7,9,10,78182
3,8,9,7,3,8,3,2,10,10,4,2,10,9,79518
6,6,6,9,9,4,8,10,2,2,1,5,5,9,88169
3,9,10,4,4,9,8,6,2,5,7,2,4,6,76961
3,4,3,3,1,8,10,5,4,5,4,2,8,8,64575
4,6,1,10,1,3,4,10,6,8,1,6,4,6,76180
7,3,2,3,2,2,8,3,7,3,7,2,1,1,48423
4,1,3,5,10,2,4,7,6,6,3,6,1,3,52270
3,5,8,8,3,3,7,6,5,2,5,6,3,7,75030
8,1,5,5,5,9,6,1,3,10,5,1,6,7,60127
9,8,10,4,2,3,2,10,7,9,8,9,9,2,86620
4,8,2,1,6,2,9,7,8,3,6,7,2,8,78031
8,2,5,5,9,1,10,6,10,7,7,8,6,7,85458
4,1,6,6,10,6,2,6,8,2,8,10,3,8,74307
4,3,4,1,5,2,7,10,8,8,5,3,8,5,66326
9,7,1,8,9,7,5,8,2,7,6,10,9,9,101654
7,6,3,6,4,3,5,1,8,2,10,2,3,6,67332
5,7,10,2,10,7,8,6,3,4,6,4,5,5,75767
9,2,7,7,1,5,4,4,2,9,4,9,5,2,60157
5,5,6,10,8,7,6,8,5,2,2,8,5,1,81677
7,1,10,6,7,9,9,2,8,2,6,5,6,4,69331
2,9,3,1,9,4,7,5,3,2,2,9,6,8,73811
2,3,9,7,4,6,9,3,5,2,10,9,3,3,66799
10,9,1,8,6,8,7,7,7,5,7,9,6,1,95911
7,2,10,5,8,9,5,2,5,6,4,10,10,3,71290
1,2,9,1,3,5,1,5,10,2,3,9,8,4,50097
7,7,10,8,2,7,2,6,9,6,2,5,7,9,81385
10,8,2,9,10,8,3,9,7,10,3,2,7,5,94862
4,7,7,8,8,10,3,3,8,9,7,1,6,9,80034
1,8,6,6,10,1,6,8,5,7,3,9,9,10,90835
2,10,4,1,5,10,7,1,3,9,1,9,7,4,65040
5,2,10,2,1,8,5,9,7,10,10,9,8,2,71951
8,2,6,7,1,6,4,10,5,3,4,5,6,8,75816
2,7,2,2,6,7,2,7,9,1,5,5,5,5,66920
2,1,8,4,4,2,3,7,3,4,5,7,2,10,55173
1,1,7,7,4,4,6,7,3,7,2,7,9,6,64668
7,9,6,10,6,7,1,6,1,4,7,1,10,9,93424
3,8,1,4,10,7,8,8,2,3,1,8,4,10,83469
4,5,3,4,8,10,10,9,2,6,6,9,10,9,96364
5,6,10,3,9,3,9,1,5,8,10,7,5,5,76731
3,5,1,9,8,1,8,6,10,10,7,1,3,7,78097
3,4,2,9,4,5,5,6,1,4,2,10,7,3,68677
5,3,5,4,5,7,9,8,5,7,7,4,2,7,72442
5,2,10,1,1,1,10,10,5,10,8,2,7,2,65879
3,8,3,8,5,5,4,9,6,7,2,3,10,3,81962
5,2,1,8,7,2,7,8,9,4,5,7,10,1,76390
10,4,6,10,6,7,5,1,7,10,4,7,2,10,79707
10,5,1,4,10,8,10,5,4,3,3,8,9,7,90542
10,3,9,5,10,5,7,8,6,8,4,2,9,9,82878
2,8,6,9,5,5,3,3,7,4,4,10,5,7,80871
5,3,7,3,7,7,5,6,10,1,8,4,3,1,62395
4,6,9,8,4,9,1,1,6,10,9,5,1,6,63501
2,9,8,7,7,9,1,9,4,7,7,8,2,9,87006
6,2,7,4,9,5,9,2,7,10,9,10,3,8,75188
2,10,9,5,5,5,5,8,7,4,6,8,8,7,88530
2,3,5,8,3,6,4,5,7,5,7,1,8,9,73090
8,4,1,4,10,4,3,5,8,8,8,9,1,7,76152
9,5,1,7,8,2,6,6,9,10,1,5,5,6,79840
2,4,7,4,6,1,2,8,4,1,4,9,2,10,66136
5,4,3,4,9,9,8,8,8,8,4,4,10,1,76024
1,8,8,6,7,4,1,8,7,10,7,3,4,5,72723
9,8,7,1,2,1,6,3,8,8,8,5,2,6,67295
4,10,3,3,4,5,8,1,5,6,9,5,7,8,81535
1,1,10,8,3,4,10,8,10,1,6,4,7,3,71959
10,4,9,9,7,9,9,3,8,8,8,4,6,9,94819
2,8,9,2,1,6,3,6,3,6,1,6,1,7,52843
2,1,4,2,7,1,10,7,10,3,5,6,10,5,66442
1,10,8,8,2,1,7,3,1,3,2,1,1,6,62898
2,8,3,6,5,2,3,8,4,5,2,4,5,10,74409
1,5,6,10,5,4,2,5,4,6,1,8,2,10,68865
1,3,6,9,8,8,9,9,5,6,4,2,7,2,76670
7,7,5,1,1,4,7,5,6,8,10,8,10,6,79548
7,8,10,4,10,7,9,2,8,6,9,2,9,7,92345
9,3,4,9,2,10,10,6,4,8,10,5,6,10,92015
1,6,8,7,1,1,2,5,8,8,4,6,8,9,66885
3,8,10,7,5,2,8,10,5,6,9,2,8,7,93107
2,10,2,6,6,9,1,4,6,2,5,6,8,2,76151
8,7,9,2,6,1,10,8,1,4,2,2,7,2,68788
8,5,10,7,9,2,1,7,3,9,7,8,10,8,88778
1,2,9,6,6,2,9,1,1,7,6,4,2,1,48744
7,3,10,5,6,3,3,2,7,1,2,8,10,10,68205
2,4,2,9,1,7,10,10,1,7,9,9,3,6,84048
1,3,1,9,7,4,4,10,2,5,3,3,2,2,63086
3,6,1,9,9,9,9,9,2,10,3,1,10,8,93671
10,8,8,7,3,3,4,8,4,4,6,9,9,4,92945
5,6,5,3,10,5,4,7,5,8,8,10,5,3,78077
9,7,9,10,7,1,8,1,8,5,3,8,10,1,81858
4,1,10,9,3,4,5,3,8,1,7,4,5,2,55809
1,1,10,5,2,5,9,10,5,4,8,1,5,8,70279
2,2,6,10,1,4,9,5,5,6,1,7,7,2,61642
2,3,7,9,3,10,3,6,10,4,9,3,6,6,75000
10,8,8,8,7,2,8,10,7,1,10,6,9,5,105721
9,8,9,9,6,2,7,1,7,2,8,7,6,3,84792
5,7,10,5,9,1,2,9,2,4,4,3,7,1,68774
5,6,1,3,6,7,7,2,2,2,9,6,2,10,72181
5,9,1,8,4,4,3,8,9,9,8,5,3,4,82507
10,2,7,4,3,5,9,8,5,1,4,6,8,7,78665
3,8,5,8,1,8,6,9,8,7,6,7,9,3,88638
3,10,8,7,1,10,5,6,4,3,9,2,10,3,84130
3,8,1,7,3,1,9,2,10,5,5,1,3,9,69795
5,5,2,7,5,1,9,7,3,9,6,8,3,4,78144
6,3,5,2,6,9,2,9,7,1,6,8,7,10,77956
5,1,2,8,2,6,10,4,6,9,2,8,5,6,67609
3,10,5,10,4,5,3,2,8,7,8,7,9,2,84665
9,5,3,9,3,4,3,5,1,10,3,3,4,9,70643
1,5,3,1,2,5,7,7,2,6,10,7,3,7,68000
5,2,4,2,6,10,6,3,10,4,4,10,2,2,57320
4,4,7,7,7,9,8,6,2,1,9,10,10,9,93698
10,7,1,8,1,6,5,5,6,9,10,10,6,5,94153
5,3,1,9,6,9,7,1,7,10,3,7,8,2,71064
3,5,7,6,2,1,8,4,5,10,4,1,9,4,64488
8,2,1,8,9,7,3,9,6,9,8,1,8,9,86278
7,10,3,4,3,8,7,7,7,2,1,4,2,1,69956
3,5,2,6,9,10,9,7,10,3,9,5,1,6,81887
1,7,4,9,4,4,3,8,10,1,2,10,2,1,68344
6,1,2,8,4,1,9,4,2,7,6,9,9,1,71327
9,7,6,4,8,6,4,4,10,9,2,4,4,5,70092
10,4,8,2,3,7,7,7,2,9,8,8,2,9,77098
1,1,7,1,8,1,1,1,1,9,10,2,2,4,37498
6,8,1,6,10,10,6,9,6,9,6,5,2,4,87464
5,1,1,3,2,4,4,4,7,10,1,8,6,6,54026
6,10,4,4,6,6,3,8,9,4,10,5,5,5,87076
9,9,9,9,9,2,9,4,1,4,9,8,8,3,97708
3,3,6,9,9,3,7,8,6,5,9,9,6,5,88924
6,2,3,5,5,5,2,2,3,6,1,1,4,7,44558
5,3,4,6,1,8,5,5,5,4,3,10,10,10,80189
7,3,3,1,2,7,6,2,4,2,9,4,8,10,66907
2,10,6,2,6,10,9,5,10,3,3,9,6,3,81103
7,9,4,8,8,10,10,10,9,4,1,6,9,9,106568
4,4,3,2,2,1,6,6,10,9,2,4,5,3,50489
6,2,10,2,4,7,4,7,1,6,4,7,1,3,51278
4,5,1,9,6,4,4,4,1,10,8,9,8,6,81059
3,5,8,3,8,6,1,3,10,9,3,6,2,3,53428
5,3,6,9,8,10,5,4,9,5,8,5,7,7,81746
7,2,8,7,2,10,2,8,3,9,3,6,9,3,68115
3,2,3,5,6,1,6,1,9,8,7,4,9,5,61347
10,7,10,1,1,4,10,6,8,4,8,6,7,8,87053
4,10,8,9,7,10,9,7,9,9,10,4,3,5,99144
10,5,4,3,9,10,5,9,7,4,1,10,3,8,80324
2,4,1,2,6,2,10,9,5,7,1,7,3,4,64643
3,3,2,1,7,9,1,7,6,9,6,4,10,1,55967
5,4,6,6,7,9,8,9,10,7,9,2,4,8,87539
1,4,1,10,2,2,9,10,1,3,4,5,7,8,82589
6,8,10,10,6,8,8,1,8,4,9,1,7,10,96148
1,7,5,6,2,5,1,5,7,3,3,6,8,9,67625
3,10,10,2,3,9,4,2,6,4,5,6,1,5,59305
2,8,6,9,1,4,5,2,8,1,7,2,8,10,81328
10,2,3,5,4,7,3,5,2,4,10,5,1,5,64515
6,2,4,10,4,10,3,4,6,4,8,1,4,4,64485
10,6,7,6,10,8,6,5,3,1,1,10,9,4,87959
8,3,1,4,5,9,6,8,9,5,5,8,1,1,64296
9,5,1,9,7,8,9,4,4,5,9,6,8,1,87544
1,5,5,6,1,1,10,1,7,9,1,10,4,5,59754
5,9,10,6,2,5,6,3,1,6,6,8,4,10,83401
3,9,8,3,1,4,9,8,6,7,7,8,3,2,77163
2,9,4,8,5,10,5,4,1,6,5,8,8,5,83017
6,5,2,4,5,8,5,3,7,10,7,6,8,3,70780
10,5,1,3,5,5,9,3,9,4,1,7,5,8,74067
1,7,7,4,9,10,4,6,6,9,2,8,1,8,68634
8,2,9,10,7,9,7,6,8,10,9,4,6,5,87758
2,4,5,3,5,10,7,5,2,10,5,10,1,1,60033
5,5,9,4,7,9,7,7,3,8,3,9,8,10,87987
9,6,3,6,8,10,2,8,10,6,9,3,6,6,84578
3,8,9,7,8,7,3,9,8,1,2,1,1,5,69767
9,5,4,5,5,3,9,5,1,3,5,1,6,10,76715
10,7,5,2,5,7,8,1,10,2,3,1,3,9,65298
10,8,6,4,7,10,3,2,9,10,7,5,4,2,74172
4,3,9,9,10,1,5,3,6,8,7,2,4,7,71235
4,5,6,7,5,5,6,8,7,6,1,6,2,6,68526
3,9,7,7,8,7,9,9,7,4,1,4,2,1,75446
1,10,4,6,4,3,4,9,4,1,5,9,9,1,80899
8,7,6,3,10,4,1,7,10,6,1,5,1,9,71789
3,10,3,7,3,9,3,2,6,3,6,9,2,2,72522
1,10,1,5,8,7,9,5,7,1,7,6,5,3,84953
9,7,5,10,2,1,9,3,5,1,2,6,9,8,85718
4,9,10,5,7,10,4,1,10,5,4,6,8,9,83195
8,5,4,1,5,4,1,4,5,4,10,5,5,9,68858
3,4,7,7,4,3,7,2,10,8,4,1,1,4,55873
4,9,3,2,9,8,2,3,10,6,5,9,9,3,73250
9,3,6,8,4,10,10,4,9,3,6,6,2,7,82684
3,10,3,9,4,8,8,2,9,10,3,3,6,1,79287
10,2,1,1,6,2,10,4,8,3,1,6,6,1,56986
10,5,7,10,2,1,4,1,1,7,7,3,5,9,75677
5,5,7,5,6,9,9,6,6,8,5,7,10,1,81312
6,10,8,7,7,2,10,6,5,8,3,1,5,10,92390
7,9,5,4,4,6,6,6,3,2,3,9,3,3,73921
9,9,10,4,2,6,8,8,4,8,2,7,7,4,84303
4,6,9,9,1,5,7,10,4,10,8,5,8,6,88878
9,1,9,5,6,2,1,3,4,3,4,3,5,2,48530
1,8,9,8,4,3,10,1,10,2,9,3,8,5,81080
10,4,2,9,4,3,3,4,10,4,3,8,3,8,74633
5,2,7,4,10,1,4,5,2,4,3,4,4,7,60423
6,4,1,2,5,3,1,6,9,2,1,6,7,8,60218
7,9,3,8,4,4,5,3,6,6,7,1,8,10,85954
8,4,1,7,1,9,7,8,6,6,5,10,6,7,87080
6,7,2,6,7,9,6,9,7,7,4,3,5,3,79622
2,6,2,8,8,6,3,1,8,1,7,9,6,5,72560
2,6,8,2,10,8,1,7,6,1,4,3,1,3,56028
7,8,6,7,1,2,3,1,5,8,2,8,7,10,72191
3,6,1,1,6,4,4,7,4,2,7,10,8,9,74306
5,4,1,4,2,4,7,10,1,4,4,9,5,2,68853
7,4,5,3,8,6,4,10,6,8,2,5,7,4,74591
5,2,4,7,2,8,10,7,10,10,6,1,4,3,70698
7,7,3,5,7,6,3,9,10,7,3,6,8,3,78207
7,9,9,5,1,10,10,5,8,1,10,2,10,1,87570
9,10,2,6,1,1,10,5,8,9,10,6,3,2,85311
6,9,5,10,6,7,8,10,2,4,2,3,1,4,82402
2,7,8,9,2,4,6,7,10,10,6,4,7,10,85585
8,4,7,9,5,5,3,2,7,8,7,2,10,5,74127
7,6,7,2,2,7,9,10,8,10,9,8,10,7,92098
3,4,2,3,5,7,5,7,7,7,7,9,9,9,81982
6,1,10,4,6,2,9,5,5,10,3,4,2,2,53891
7,4,6,5,5,2,1,5,6,5,8,7,3,4,63846
4,5,4,4,1,6,1,5,10,10,3,4,2,5,50498
7,10,4,2,8,8,6,6,1,2,6,6,5,2,74505
3,10,1,8,8,10,1,6,8,10,9,8,10,7,102038
10,2,8,9,6,6,2,2,3,7,4,6,4,10,72339
3,7,1,3,10,5,1,9,2,8,7,4,5,8,78483
9,1,10,3,3,8,9,10,10,8,3,7,9,2,73484
5,9,6,4,7,1,10,2,2,2,7,7,7,9,82766
2,2,1,7,2,9,1,4,2,10,10,3,5,7,58570
1,3,1,4,2,7,9,4,4,1,7,6,5,1,58493
1,6,5,5,10,6,9,7,9,8,4,3,7,3,76019
5,6,8,1,3,9,3,4,3,6,4,1,9,7,61626
1,1,6,8,4,3,7,9,2,5,2,10,4,8,71738
5,7,8,9,1,9,8,2,5,6,6,4,8,9,82861
4,10,6,10,9,5,1,6,3,9,3,10,3,3,81091
1,8,2,9,10,4,6,7,2,10,9,2,1,1,73165
8,6,10,7,5,7,1,2,5,5,10,8,8,6,79724
5,1,1,2,1,1,5,6,1,3,1,2,1,10,41490
4,9,1,9,9,4,5,6,6,1,8,8,1,9,92142
4,3,8,2,7,7,6,10,6,5,7,3,3,8,69832
5,4,7,5,10,3,4,3,5,9,9,1,4,7,69039
6,5,2,8,9,6,1,2,4,6,8,7,1,9,74636
6,2,4,4,3,6,8,9,1,4,4,3,4,3,60603
10,2,5,3,5,2,4,6,4,9,8,9,1,8,70957
8,1,6,8,2,6,10,6,4,2,10,8,6,5,79929
10,1,3,9,8,9,8,9,10,4,4,5,7,4,86371
5,9,4,2,2,10,2,4,4,3,6,10,3,3,65989
5,5,10,10,7,5,5,1,4,7,3,3,8,2,67121
1,1,5,6,8,6,2,5,8,5,2,10,5,9,65134
7,7,5,8,7,8,8,9,10,3,4,10,8,8,103515
7,8,7,6,9,1,7,2,6,1,5,9,8,4,81546
2,6,2,8,10,4,6,4,7,5,5,8,10,1,80490
5,10,5,10,4,10,6,5,10,7,10,1,2,9,91018
8,1,2,10,10,5,10,5,9,2,10,9,10,10,102085
6,8,1,6,8,3,7,2,7,6,6,10,7,8,85321
5,9,7,6,4,5,1,8,3,7,8,10,5,8,85407
5,1,1,7,10,8,3,7,10,2,7,10,8,2,73987
5,3,5,7,10,2,2,9,3,3,6,2,9,2,70028
1,1,4,5,7,8,9,1,8,3,7,5,10,6,66913
6,8,4,3,4,9,10,2,9,4,2,9,8,2,76779
2,2,4,5,3,4,1,9,9,10,2,8,4,9,62544
3,9,6,2,3,4,8,8,3,3,1,6,8,10,79797
3,8,6,5,6,6,2,9,4,1,10,6,7,5,80179
7,9,6,6,8,4,8,1,8,9,3,2,8,3,77303
4,2,2,7,6,10,3,4,7,6,3,6,10,5,66895
